{"loss": 0.030319703742861748, "accuracy": 0.9528571367263794, "_timestamp": 1691477364.1375601, "_runtime": 9990.145834207535, "_step": 149, "_wandb": {"runtime": 9989}}