{"loss": 0.23987889289855957, "accuracy": 0.9328571557998657, "_timestamp": 1691461947.405749, "_runtime": 4735.550872087479, "_step": 149, "_wandb": {"runtime": 4735}}