{"loss": 0.0011233282275497913, "accuracy": 0.9867841601371765, "_timestamp": 1691558006.573107, "_runtime": 3263.7571449279785, "_step": 52, "_wandb": {"runtime": 3262}}