{"loss": 0.0008464261773042381, "accuracy": 0.9900881052017212, "_timestamp": 1691554694.397838, "_runtime": 4082.308370113373, "_step": 96, "_wandb": {"runtime": 4081}}