{"loss": 0.3408918082714081, "accuracy": 0.7871428728103638, "_timestamp": 1691462615.890671, "_runtime": 4686.266115903854, "_step": 149, "_wandb": {"runtime": 4685}}