{"loss": 0.06216175854206085, "accuracy": 0.9449338912963867, "_timestamp": 1691557246.489108, "_runtime": 2413.2269570827484, "_step": 12, "_wandb": {"runtime": 2412}}