{"loss": 0.47644051909446716, "accuracy": 0.8128571510314941, "_timestamp": 1691503142.501083, "_runtime": 3687.0740418434143, "_step": 47}