{"loss": 0.18818168342113495, "accuracy": 0.8885714411735535, "_timestamp": 1691507443.546772, "_runtime": 7988.119730949402, "_step": 120, "_wandb": {"runtime": 7987}}