{"loss": 0.08404390513896942, "accuracy": 0.8928571343421936, "_timestamp": 1691503141.855259, "_runtime": 3697.5958189964294, "_step": 47}