{"loss": 0.2723018229007721, "accuracy": 0.941428542137146, "_timestamp": 1691507413.455116, "_runtime": 7969.195676088333, "_step": 119, "_wandb": {"runtime": 7969}}