{"loss": 0.5935286283493042, "accuracy": 0.618571400642395, "_timestamp": 1691477371.8767948, "_runtime": 10026.390467882156, "_step": 149, "_wandb": {"runtime": 10025}}