{"loss": 0.6933614015579224, "accuracy": 0.6114285588264465, "_timestamp": 1691477395.413404, "_runtime": 10039.630759000778, "_step": 149, "_wandb": {"runtime": 10039}}