{"loss": 0.00039749706047587097, "accuracy": 0.9842857122421265, "_timestamp": 1691507443.9312372, "_runtime": 8004.521748304367, "_step": 111, "_wandb": {"runtime": 8004}}