{"loss": 0.011020251549780369, "accuracy": 0.9585714340209961, "_timestamp": 1691503142.5033758, "_runtime": 3703.0938868522644, "_step": 47}