{"loss": 0.03918718919157982, "accuracy": 0.9471428394317627, "_timestamp": 1691453638.8397171, "_runtime": 2666.6261751651764, "_step": 85, "_wandb": {"runtime": 2684}}