{"loss": 0.035208169370889664, "accuracy": 0.9557142853736877, "_timestamp": 1691466027.050117, "_runtime": 2552.4319620132446, "_step": 30, "_wandb": {"runtime": 2552}}