{"loss": 0.06925676763057709, "accuracy": 0.9814285635948181, "_timestamp": 1691477192.615721, "_runtime": 9788.852343082428, "_step": 149, "_wandb": {"runtime": 9788}}