{"loss": 0.007801762316375971, "accuracy": 0.9642857313156128, "_timestamp": 1691465828.170094, "_runtime": 2333.176927089691, "_step": 27, "_wandb": {"runtime": 2332}}