{"loss": 0.7212057113647461, "accuracy": 0.5171428322792053, "_timestamp": 1691477914.521515, "_runtime": 10591.35746383667, "_step": 149, "_wandb": {"runtime": 10591}}