{"loss": 0.007215298246592283, "accuracy": 0.9713656306266785, "_timestamp": 1691550529.886626, "_runtime": 2538.8538019657135, "_step": 28, "_wandb": {"runtime": 2535}}