{"loss": 0.007237108889967203, "accuracy": 0.9514285922050476, "_timestamp": 1691466233.671061, "_runtime": 2743.97292304039, "_step": 45, "_wandb": {"runtime": 2743}}