{"loss": 0.16640229523181915, "accuracy": 0.9328571557998657, "_timestamp": 1691459296.8265688, "_runtime": 1968.5230989456177, "_step": 27, "_wandb": {"runtime": 1996}}